1;[(139, 1222), (151, 2211), (166, 1), (311, 1), (370, 1010), (392, 1), (439, 1), (440, 11), (441, 2122), (454, 100), (461, 1121), (502, 2), (503, 1000), (505, 1), (520, 1010), (522, 1), (526, 1011), (527, 1001), (533, 2222), (593, 1000), (619, 1), (737, 100), (742, 100), (789, 1), (827, 10), (835, 1), (861, 1), (875, 1121), (891, 1), (921, 1010), (922, 1010), (1175, 100), (1185, 1), (1222, 1)]
2;[(169, 1000), (434, 1001), (454, 100), (498, 1000), (499, 1000), (592, 2), (875, 1011)]
3;[(23, 1000), (40, 10), (139, 2122), (190, 1), (221, 1), (246, 1), (309, 1000), (311, 11), (325, 1), (345, 10), (347, 10), (356, 10), (370, 1001), (374, 1), (375, 2221), (439, 1), (440, 1120), (454, 1220), (515, 1000), (520, 10), (524, 10), (526, 1010), (527, 1220), (533, 1), (535, 10), (560, 10), (561, 1), (571, 10), (584, 10), (604, 2), (623, 10), (633, 2222), (733, 1000), (742, 1010), (854, 100), (856, 2112), (950, 10), (967, 1), (1144, 1111), (1161, 1), (1172, 1000), (1175, 1), (1196, 2)]
4;[(503, 1), (538, 100), (539, 100), (540, 100), (553, 1), (604, 2222), (669, 1010), (711, 2122), (876, 2222)]
5;[(23, 2220), (47, 2221), (50, 1), (60, 1), (114, 11), (132, 1), (135, 1), (139, 10), (151, 2222), (169, 1), (189, 1), (190, 1), (197, 1), (200, 1), (226, 1), (256, 2211), (265, 10), (297, 1), (298, 1), (299, 1), (311, 1), (312, 1), (325, 1011), (333, 1), (343, 2), (347, 12), (349, 1), (369, 1), (370, 1211), (371, 1), (374, 2222), (386, 1001), (392, 1), (410, 1), (420, 1), (427, 1), (428, 1), (430, 1001), (434, 1), (437, 1), (439, 2222), (440, 10), (441, 1), (450, 1), (461, 2120), (465, 1002), (478, 1), (496, 2120), (497, 2121), (498, 1122), (499, 2122), (500, 1012), (501, 100), (502, 100), (503, 2221), (505, 1), (511, 1101), (513, 10), (516, 1010), (520, 1000), (524, 1010), (531, 1), (533, 2211), (549, 1), (553, 1001), (559, 1), (561, 10), (568, 1), (590, 1), (592, 1001), (593, 2222), (604, 2), (605, 100), (633, 2122), (669, 10), (701, 1), (702, 1000), (710, 2212), (711, 2), (722, 1), (724, 2), (729, 1), (731, 2), (733, 2), (750, 100), (761, 1), (763, 1), (772, 100), (779, 1), (788, 1), (805, 2211), (843, 2), (845, 1), (856, 2121), (857, 1000), (861, 1212), (864, 1), (867, 101), (875, 2222), (876, 2), (888, 2), (889, 2), (895, 2210), (925, 1), (935, 1), (943, 1), (944, 1), (975, 2112), (980, 2120), (982, 2), (990, 2), (1000, 2), (1019, 1), (1038, 1), (1040, 1), (1064, 2220), (1076, 1), (1080, 1), (1088, 1), (1091, 1), (1092, 2), (1093, 2), (1098, 1), (1144, 2111), (1156, 1), (1175, 1120), (1185, 1), (1188, 1), (1196, 1000), (1223, 1), (1226, 1)]
6;[(25, 10), (31, 2222), (90, 1000), (195, 100), (326, 1), (370, 110), (438, 1), (440, 10), (441, 1000), (503, 1220), (511, 10), (586, 1), (592, 1010), (593, 1000), (722, 1), (731, 1), (734, 2), (805, 1000), (875, 1120), (922, 10), (963, 1000), (975, 1010), (1092, 1), (1093, 2)]
7;[(45, 100), (53, 1), (166, 2), (171, 1), (256, 101), (370, 1), (371, 2122), (386, 1), (410, 100), (439, 101), (535, 1), (623, 2121), (633, 100), (634, 100), (640, 10), (669, 10), (831, 100), (853, 100), (856, 2111), (857, 100), (921, 10), (1027, 100), (1054, 1100), (1056, 100), (1057, 100), (1059, 100), (1064, 1120), (1161, 1)]
8;[(23, 2112), (169, 1000), (322, 100), (370, 1000), (386, 1000), (435, 1), (439, 1100), (463, 1), (496, 1000), (497, 1), (498, 1000), (499, 1122), (503, 1), (605, 1), (683, 2220), (710, 1000), (750, 10), (771, 1000), (867, 1000), (875, 1), (944, 1), (1125, 2220)]
9;[(165, 1122), (174, 1), (362, 1), (370, 1), (414, 2222), (443, 100), (794, 2110), (992, 1010), (1040, 1), (1115, 102)]
10;[(30, 2112), (126, 1001), (157, 2222), (170, 1112), (296, 1212), (301, 1), (322, 1), (370, 1100), (413, 2222), (443, 1120), (581, 2222), (676, 2122), (715, 10), (722, 1), (728, 1101), (758, 1000), (782, 1010), (835, 10), (878, 2122), (941, 1000), (1115, 1222), (1215, 10), (1218, 2122), (1234, 1), (1239, 1101)]
11;[(36, 1), (46, 1), (96, 2210), (186, 1000), (301, 1000), (428, 1002), (518, 2110), (649, 10), (652, 1), (659, 10), (772, 1010), (796, 2222), (798, 2212), (799, 10), (835, 1000), (837, 1), (908, 1000), (909, 2222), (991, 2222), (1119, 100), (1178, 1000), (1226, 2)]
12;[(70, 2212), (181, 1), (443, 2120), (466, 2220), (755, 10), (918, 1000), (1115, 1)]
13;[(156, 2112), (301, 1112), (314, 2222), (322, 1220), (370, 100), (443, 1120), (462, 1010), (522, 100), (643, 1000), (695, 1220), (715, 10), (719, 10), (722, 1), (763, 101), (764, 1), (791, 2211), (822, 1), (900, 100), (902, 1101), (978, 1000), (1017, 10), (1033, 1), (1097, 1), (1124, 2)]
14;[(5, 1100), (89, 100), (92, 1), (131, 2212), (135, 1), (150, 2222), (156, 1000), (203, 10), (232, 10), (233, 1122), (234, 1121), (291, 1), (297, 1), (314, 1000), (319, 10), (344, 2112), (345, 2210), (356, 1), (367, 2210), (370, 1110), (379, 1), (405, 2112), (413, 1), (417, 1211), (419, 2), (421, 1), (424, 1), (462, 2212), (465, 1102), (492, 1000), (584, 1001), (602, 1011), (616, 2120), (635, 2122), (662, 100), (695, 10), (719, 11), (777, 1012), (791, 2122), (809, 10), (815, 2222), (852, 2222), (889, 1), (899, 2222), (930, 2), (941, 1011), (1000, 1), (1008, 2220), (1013, 11), (1100, 2222), (1117, 2220), (1124, 2122), (1135, 1002), (1206, 1000), (1234, 1001)]
15;[(17, 1), (59, 2122), (63, 1000), (72, 1), (91, 1), (95, 1), (97, 1), (98, 1), (99, 2112), (135, 1), (149, 1011), (174, 2220), (197, 1001), (204, 2222), (205, 2212), (226, 2), (232, 100), (238, 1), (266, 2222), (297, 1), (301, 2122), (322, 2122), (339, 2212), (350, 1), (354, 1), (355, 2112), (364, 1112), (370, 2111), (385, 2222), (398, 11), (408, 100), (410, 1102), (413, 100), (414, 100), (420, 1), (422, 2222), (423, 2221), (424, 10), (426, 1), (434, 1), (443, 2222), (474, 1120), (545, 1212), (549, 2112), (550, 1), (601, 2122), (603, 11), (611, 1), (642, 1010), (643, 1), (657, 1), (673, 1), (690, 2121), (700, 2212), (720, 2222), (722, 1122), (724, 1), (725, 1010), (729, 1), (731, 1), (735, 1), (747, 1010), (752, 2212), (763, 1102), (764, 1001), (767, 1), (792, 10), (794, 1000), (816, 1), (822, 2), (833, 1), (837, 1), (844, 2), (853, 1000), (854, 1101), (857, 1000), (863, 1001), (870, 2222), (875, 1), (888, 1), (889, 1), (900, 1001), (944, 1002), (990, 2), (993, 1000), (994, 1221), (1000, 1002), (1013, 1001), (1016, 1001), (1027, 10), (1033, 1), (1040, 2), (1093, 1), (1098, 2), (1115, 2), (1162, 12), (1184, 2222), (1187, 1), (1192, 2222), (1195, 1), (1226, 2), (1232, 1), (1234, 1), (1235, 2220)]
16;[(5, 1), (10, 1), (17, 1), (36, 10), (41, 110), (46, 1111), (69, 2), (72, 1), (89, 2222), (92, 10), (95, 2222), (97, 1000), (98, 1000), (126, 1), (129, 2120), (130, 1), (132, 1), (134, 1000), (135, 12), (148, 1), (150, 1000), (168, 1), (181, 1011), (182, 2222), (186, 2122), (189, 1), (197, 1000), (202, 1000), (205, 1), (212, 1), (225, 1), (226, 2), (238, 11), (240, 2210), (255, 1), (288, 1), (290, 1), (292, 1), (297, 1), (298, 1001), (301, 2222), (314, 2120), (320, 1), (322, 1122), (330, 1), (331, 1), (333, 1001), (350, 11), (357, 1), (359, 12), (364, 2112), (370, 2112), (376, 2220), (386, 1), (396, 2222), (398, 1010), (413, 1), (421, 1000), (424, 1012), (428, 1002), (434, 10), (443, 2222), (462, 10), (466, 1222), (468, 2121), (472, 10), (473, 1), (475, 2122), (478, 11), (489, 1), (490, 1), (510, 1), (512, 10), (518, 1011), (522, 2110), (550, 12), (553, 1), (559, 1), (581, 1), (582, 1010), (586, 1), (594, 2220), (615, 1), (616, 1), (641, 1012), (642, 1102), (643, 11), (649, 2122), (656, 1), (657, 1001), (658, 1001), (659, 2122), (660, 1001), (662, 1001), (673, 1), (676, 2), (708, 1000), (709, 1000), (711, 1), (715, 1), (719, 1001), (722, 1122), (723, 1), (724, 1), (725, 1), (727, 1222), (729, 1), (730, 1), (731, 2), (735, 1), (755, 1011), (756, 1111), (758, 1), (762, 10), (763, 1102), (764, 2), (767, 1), (770, 1100), (772, 2122), (783, 1000), (791, 1001), (797, 1), (799, 2222), (809, 1000), (810, 1), (816, 11), (822, 2), (834, 2222), (835, 1), (837, 1), (844, 2), (867, 10), (870, 1), (872, 2210), (875, 1), (882, 2), (888, 2), (889, 2), (893, 1), (896, 1000), (901, 2210), (902, 1010), (919, 1), (928, 1000), (932, 1), (935, 1111), (937, 1001), (938, 1), (941, 1), (943, 11), (944, 1001), (970, 10), (974, 10), (984, 1010), (990, 1), (991, 1000), (993, 1122), (994, 10), (1000, 1002), (1002, 1010), (1016, 1011), (1017, 2211), (1023, 2), (1033, 1), (1037, 1), (1051, 1000), (1066, 1), (1076, 1), (1080, 2), (1098, 2), (1101, 2), (1115, 2), (1135, 1), (1154, 1012), (1158, 1), (1189, 1), (1192, 1111), (1226, 1220), (1232, 1), (1234, 1001)]
17;[(49, 2122), (89, 2120), (101, 10), (128, 1), (132, 1), (135, 1), (153, 2), (189, 1), (233, 10), (238, 1), (297, 1), (298, 1), (301, 2), (330, 1), (333, 1), (357, 1111), (359, 1102), (370, 111), (428, 1002), (443, 1100), (450, 10), (506, 10), (643, 11), (660, 10), (662, 2120), (688, 2221), (722, 1), (729, 1), (730, 11), (731, 2), (735, 2), (791, 1122), (810, 2112), (816, 12), (837, 1), (839, 1), (845, 1), (882, 2), (889, 2), (897, 1000), (937, 1), (938, 1), (941, 1001), (944, 1001), (1000, 1), (1023, 1), (1040, 1), (1069, 1), (1080, 1), (1088, 2), (1101, 2221), (1103, 1120), (1115, 1), (1187, 1), (1234, 1)]
18;[(129, 2122), (153, 1), (205, 2120), (226, 2), (364, 100), (370, 1010), (414, 2), (424, 1110), (443, 10), (642, 1000), (656, 1001), (657, 1010), (658, 1010), (660, 1010), (725, 1110), (816, 1000), (935, 1010), (993, 1110), (994, 1000), (1016, 2110), (1162, 1100)]
19;[(21, 2220), (49, 1), (359, 1011), (370, 1100), (398, 1), (432, 2121), (455, 10), (487, 2222), (506, 2222), (618, 2222), (626, 2222), (672, 2212), (688, 2222), (693, 2222), (897, 2222), (936, 10), (944, 1), (1000, 1), (1049, 2221), (1103, 2222), (1129, 1), (1205, 1)]
20;[(126, 2112), (133, 2), (153, 2), (181, 10), (207, 2122), (208, 2122), (220, 2221), (278, 2111), (283, 1100), (286, 2111), (287, 2111), (288, 1100), (290, 2111), (292, 2111), (370, 110), (443, 10), (538, 2122), (539, 2111), (540, 2222), (544, 2111), (604, 100), (643, 1), (711, 1210), (715, 1011), (731, 1), (758, 2222), (767, 100), (791, 1), (823, 2222), (824, 1001), (882, 2), (919, 1000), (924, 2222), (928, 1000), (944, 1), (962, 2222), (970, 1001), (1066, 2222), (1080, 10), (1115, 2222), (1168, 2222), (1189, 1), (1213, 2222), (1215, 2222), (1234, 1001), (1239, 1120)]
21;[(68, 2112), (97, 2), (98, 12), (181, 1), (251, 2112), (413, 1), (416, 1), (434, 1), (443, 2), (551, 100), (615, 1), (676, 1), (708, 2122), (709, 2222), (719, 1100), (722, 1), (751, 1), (756, 10), (757, 100), (932, 1), (941, 1101), (1098, 2), (1115, 1122), (1158, 2221), (1189, 1)]
22;[(13, 2222), (39, 12), (67, 1), (69, 1), (104, 1), (130, 2222), (189, 1), (197, 1), (221, 1), (226, 1), (237, 101), (247, 10), (258, 2221), (262, 2112), (276, 2222), (322, 1), (325, 1), (333, 1), (342, 110), (343, 101), (350, 100), (365, 1), (370, 1012), (392, 1), (431, 1121), (464, 1), (465, 1), (473, 1121), (478, 1121), (503, 1101), (510, 101), (512, 110), (514, 1001), (586, 1), (590, 11), (654, 101), (671, 1101), (682, 1), (692, 2222), (704, 2111), (713, 1), (729, 1), (731, 2), (735, 1), (764, 1212), (774, 101), (788, 1011), (843, 102), (845, 2), (871, 1001), (880, 1012), (881, 102), (882, 2), (888, 2), (898, 2212), (908, 1111), (942, 1), (946, 1), (968, 100), (1000, 2), (1033, 1), (1040, 1), (1083, 1122), (1093, 1), (1114, 1002), (1144, 100), (1156, 1111), (1166, 110), (1194, 1121), (1195, 1)]
23;[(9, 2221), (10, 2122), (11, 1100), (12, 2212), (34, 2222), (42, 2222), (99, 1112), (162, 1000), (163, 1), (167, 1000), (198, 1000), (248, 1000), (285, 10), (322, 101), (350, 1001), (370, 1002), (426, 2122), (434, 1212), (464, 1000), (509, 2222), (541, 2222), (582, 2), (583, 1000), (598, 2), (716, 1002), (780, 1000), (859, 2120), (883, 1), (888, 1002), (979, 2222), (984, 2), (1096, 11), (1114, 2222), (1156, 10), (1163, 1000)]
24;[(32, 1100), (72, 1), (199, 1), (207, 1), (210, 2220), (240, 1), (254, 2111), (331, 1), (370, 1000), (377, 1), (411, 1), (477, 1), (492, 1), (522, 1), (552, 2), (559, 10), (611, 1001), (647, 2222), (677, 1), (724, 2), (763, 1), (858, 1), (913, 2222), (915, 2211), (926, 2121), (934, 1), (1000, 1), (1031, 1011), (1109, 2222), (1195, 1121), (1232, 1)]
25;[(72, 2112), (74, 2110), (83, 111), (84, 11), (106, 1012), (112, 1), (120, 102), (141, 1), (162, 1001), (172, 1), (198, 1012), (221, 1), (276, 1), (370, 1010), (390, 10), (392, 1), (411, 2111), (415, 1000), (425, 1), (431, 2222), (432, 2), (464, 10), (465, 1102), (503, 1121), (505, 1), (530, 1), (550, 1), (559, 1), (566, 1000), (568, 1000), (569, 1011), (622, 1), (647, 2122), (855, 1), (858, 2111), (875, 1), (880, 2), (881, 1002), (891, 1), (913, 2222), (915, 1), (926, 2121), (949, 1), (977, 1000), (1027, 1), (1031, 1000), (1083, 1), (1156, 110), (1194, 1121), (1195, 1112), (1210, 1)]
26;[(74, 110), (104, 2212), (199, 2222), (221, 1), (281, 2222), (285, 2112), (328, 2111), (333, 1), (342, 2110), (343, 1100), (370, 10), (392, 1), (431, 2222), (434, 1), (442, 2), (465, 1), (485, 10), (488, 10), (490, 1), (610, 2122), (617, 2222), (665, 1112), (713, 10), (774, 101), (807, 1122), (855, 10), (881, 102), (942, 1101), (1061, 2222), (1144, 2222), (1166, 2211), (1194, 1121), (1195, 1)]
27;[(98, 1102), (179, 1), (599, 2222), (756, 2), (858, 1), (905, 2122), (912, 1), (913, 1001), (1000, 100), (1083, 100), (1096, 2)]
28;[(134, 1), (135, 102), (136, 1), (215, 1112), (274, 1000), (300, 2), (322, 2), (331, 1), (333, 1), (343, 1), (351, 2112), (352, 2112), (370, 1112), (392, 1), (398, 1), (465, 1), (467, 1), (477, 2121), (510, 1), (550, 1), (559, 1), (586, 1), (611, 1), (665, 1), (722, 1012), (724, 102), (729, 1), (735, 1), (759, 2111), (763, 102), (822, 1212), (832, 1), (837, 1), (875, 1), (882, 2), (913, 1), (937, 1), (942, 101), (944, 1), (969, 1), (990, 2), (1000, 1102), (1033, 102), (1040, 102), (1083, 1112), (1093, 102), (1187, 1), (1192, 102), (1222, 1), (1226, 1), (1234, 102)]
29;[(15, 1012), (100, 1), (215, 2122), (274, 2222), (300, 2212), (322, 2222), (333, 101), (343, 1), (350, 110), (351, 2122), (352, 2122), (353, 2220), (370, 1112), (385, 1), (392, 1), (434, 1), (442, 1), (477, 1120), (510, 1), (553, 1), (687, 10), (714, 1002), (722, 1012), (724, 102), (729, 1), (759, 2212), (763, 1102), (764, 1000), (788, 1000), (822, 102), (832, 1222), (837, 1), (875, 1), (937, 1), (942, 101), (944, 1102), (1000, 1), (1033, 100), (1040, 101), (1083, 2), (1093, 100), (1184, 100), (1192, 1122), (1234, 102)]
30;[(117, 2), (328, 101), (332, 1), (433, 2122), (492, 1), (557, 2), (586, 2112), (687, 10), (775, 1), (880, 2112), (881, 1), (911, 2212), (942, 1010), (1001, 11), (1084, 100), (1224, 1212), (1234, 1)]
31;[(43, 2222), (69, 1), (127, 1112), (128, 1000), (136, 1101), (145, 2), (168, 101), (189, 1112), (213, 1), (226, 1122), (239, 2222), (272, 100), (330, 1111), (331, 1001), (332, 2222), (359, 100), (370, 1111), (389, 1000), (433, 2222), (448, 2122), (467, 2222), (512, 100), (550, 1), (551, 101), (557, 2222), (586, 2222), (620, 1001), (628, 111), (651, 2221), (701, 1100), (722, 1001), (724, 1000), (729, 101), (735, 100), (760, 2222), (762, 1000), (764, 1000), (839, 1212), (845, 2222), (882, 1112), (937, 101), (938, 1212), (940, 101), (942, 1012), (944, 1), (999, 2222), (1000, 101), (1020, 2122), (1022, 1222), (1036, 2112), (1040, 1102), (1084, 2222), (1093, 2), (1187, 101), (1224, 1120), (1232, 1), (1233, 2222), (1234, 102)]
32;[(43, 1000), (127, 1), (128, 1000), (181, 1), (184, 2222), (189, 2), (212, 11), (226, 1), (239, 11), (315, 1000), (330, 1), (331, 1), (370, 1000), (389, 1112), (433, 1121), (467, 1000), (473, 1), (489, 1000), (506, 10), (586, 1011), (722, 1122), (735, 1), (764, 1), (882, 1), (937, 1), (999, 1000), (1040, 101), (1093, 1), (1220, 1), (1234, 1100)]
33;[(37, 101), (65, 1), (91, 2222), (94, 2220), (96, 1), (210, 2220), (225, 12), (297, 1), (359, 1011), (370, 1212), (403, 2212), (404, 2), (413, 2), (465, 2222), (515, 1), (612, 2222), (637, 2220), (638, 2220), (663, 1), (719, 1), (721, 2222), (731, 1), (763, 1001), (764, 2), (773, 1), (793, 10), (795, 1000), (797, 2210), (811, 2222), (818, 2220), (822, 1), (825, 2222), (846, 1), (882, 1), (888, 1002), (889, 2), (916, 2222), (920, 2212), (927, 2121), (978, 2110), (981, 1000), (995, 1121), (996, 2222), (1000, 100), (1023, 1), (1052, 2222), (1072, 1), (1098, 1), (1105, 2222), (1113, 2222), (1122, 1112), (1123, 112), (1183, 1122), (1186, 1222), (1189, 11), (1215, 10), (1234, 1222)]
34;[(37, 2222), (65, 2212), (76, 11), (77, 100), (94, 2), (135, 1), (225, 2), (235, 10), (236, 10), (247, 10), (261, 2122), (277, 10), (297, 1), (359, 10), (403, 2221), (404, 2222), (465, 2222), (471, 2221), (552, 1), (627, 1), (637, 2222), (638, 2222), (721, 2222), (773, 2211), (795, 2222), (817, 2222), (818, 1), (825, 100), (846, 2222), (916, 2221), (933, 1), (941, 100), (944, 1), (995, 2222), (1000, 100), (1023, 1), (1052, 101), (1186, 1), (1234, 1)]
35;[(32, 1000), (120, 100), (210, 2222), (811, 1120), (825, 100), (888, 1), (913, 2110), (915, 2120), (920, 100), (926, 10), (948, 10), (1105, 1), (1109, 2222), (1119, 1)]
36;[(66, 1000), (325, 1), (370, 2), (403, 1100), (612, 2120), (721, 1000), (722, 2220), (724, 1), (1052, 2220)]
37;[(3, 2112), (4, 1000), (28, 2120), (33, 2222), (35, 2122), (38, 2222), (65, 1001), (71, 1111), (76, 1002), (116, 1), (119, 1), (120, 1222), (131, 2222), (148, 1), (150, 1), (158, 2222), (175, 2222), (203, 2122), (220, 1), (225, 2222), (231, 12), (233, 10), (234, 2222), (238, 11), (247, 2112), (280, 1212), (291, 1), (294, 1000), (318, 2222), (319, 2111), (333, 1012), (334, 1001), (342, 1), (345, 1), (370, 12), (378, 2122), (379, 2222), (380, 2222), (392, 1), (403, 1), (428, 1001), (433, 1000), (443, 1), (465, 2222), (470, 2121), (476, 1122), (482, 2222), (483, 2222), (491, 2222), (492, 2222), (510, 1), (512, 1), (514, 1), (596, 1), (600, 2222), (627, 1112), (671, 1), (697, 2222), (711, 10), (712, 2122), (717, 2222), (721, 1000), (731, 2), (774, 1011), (776, 1), (815, 2222), (817, 2122), (818, 1), (831, 2221), (835, 2122), (849, 2222), (866, 1012), (871, 12), (877, 2222), (888, 1), (930, 2122), (933, 1111), (941, 1000), (942, 1211), (944, 100), (946, 2222), (991, 2212), (1008, 2222), (1011, 1011), (1014, 2222), (1028, 2222), (1080, 1), (1126, 2222), (1128, 1222), (1130, 1), (1131, 1122), (1133, 2222), (1135, 111), (1174, 1222), (1176, 2222), (1178, 2122), (1182, 1222), (1234, 1212)]
38;[(14, 2122), (76, 1), (117, 1010), (142, 1), (252, 100), (360, 2212), (370, 1), (390, 2222), (392, 1), (444, 1), (465, 1212), (503, 1), (505, 10), (510, 1), (572, 10), (573, 10), (621, 1), (622, 2), (627, 1), (634, 2112), (644, 1121), (646, 1001), (666, 1010), (702, 2), (729, 1), (776, 1), (786, 1000), (856, 1), (862, 1), (866, 100), (873, 1002), (881, 1000), (882, 2), (888, 1), (971, 1122), (990, 2), (1001, 1000), (1024, 1001), (1027, 1000), (1029, 1000), (1059, 1000), (1066, 1), (1068, 1222), (1072, 1), (1075, 1000), (1130, 1222), (1136, 1222), (1140, 1122), (1146, 11), (1148, 11), (1160, 11), (1230, 1000), (1234, 1210)]
39;[(3, 1000), (67, 1), (74, 1), (76, 1), (83, 2121), (84, 1), (85, 2122), (102, 1000), (107, 1), (108, 2), (112, 11), (135, 1), (143, 1000), (216, 2122), (217, 2122), (218, 2122), (219, 2122), (221, 2122), (222, 2121), (225, 2222), (226, 1), (230, 1002), (233, 10), (235, 2122), (236, 2122), (244, 10), (248, 10), (249, 2112), (252, 1011), (254, 1010), (263, 1011), (276, 1), (277, 2122), (289, 2112), (293, 2112), (297, 1), (301, 1), (304, 1122), (306, 1), (307, 1001), (308, 2), (338, 2122), (342, 2), (343, 2), (356, 1101), (360, 10), (365, 1), (366, 1000), (370, 1), (392, 1), (404, 2), (407, 2122), (412, 2110), (420, 2112), (433, 1002), (453, 1000), (465, 2), (470, 2121), (488, 11), (490, 1), (494, 2), (503, 1), (505, 12), (508, 101), (510, 1001), (529, 12), (530, 1), (532, 1), (534, 11), (535, 1), (553, 1012), (560, 2122), (563, 2), (564, 1001), (565, 1), (566, 1), (567, 1001), (568, 1), (569, 1), (570, 11), (571, 11), (572, 1), (573, 1011), (576, 1000), (584, 1122), (586, 1), (608, 11), (610, 1), (619, 2121), (621, 1), (622, 2), (627, 1), (639, 2221), (645, 2111), (646, 1001), (647, 10), (652, 1), (654, 2121), (702, 2), (716, 111), (729, 1), (738, 2), (739, 2), (740, 2), (744, 1), (746, 2), (749, 1), (776, 1), (777, 11), (786, 11), (845, 1), (849, 1), (851, 2121), (862, 1), (869, 1002), (873, 1122), (881, 1001), (882, 2), (888, 1), (889, 1), (892, 1), (902, 1), (918, 2), (942, 1), (944, 1), (949, 1002), (966, 12), (971, 2122), (990, 2), (1001, 1001), (1026, 1), (1027, 1001), (1029, 1001), (1044, 1), (1066, 1), (1070, 1), (1072, 1), (1076, 1), (1096, 100), (1127, 1011), (1135, 1), (1136, 1000), (1137, 1221), (1139, 1222), (1140, 10), (1141, 1122), (1146, 11), (1148, 11), (1160, 10), (1161, 1), (1185, 1), (1194, 1), (1209, 1), (1210, 1), (1211, 1002), (1222, 1), (1224, 1), (1225, 1112), (1230, 1002), (1234, 1211), (1236, 1), (1238, 2)]
40;[(2, 100), (3, 2122), (4, 2122), (5, 100), (9, 1), (10, 1), (17, 1), (28, 2212), (32, 1), (35, 100), (76, 1), (77, 1122), (95, 2110), (103, 10), (105, 10), (108, 10), (109, 1010), (112, 10), (115, 10), (116, 1122), (119, 1001), (120, 1), (132, 1), (142, 1), (144, 1), (150, 102), (151, 2), (169, 1000), (173, 1), (189, 1), (198, 10), (210, 1), (225, 2122), (231, 2122), (233, 2222), (235, 10), (236, 10), (240, 2110), (248, 1000), (249, 10), (252, 1002), (254, 1122), (261, 10), (263, 1), (277, 1122), (279, 10), (289, 10), (291, 1), (293, 11), (294, 1011), (297, 1), (298, 1), (304, 10), (308, 10), (333, 1), (338, 1), (344, 11), (345, 1), (351, 1000), (352, 1000), (370, 1001), (392, 1), (404, 2122), (405, 2122), (407, 10), (413, 1), (417, 102), (420, 12), (434, 1), (465, 2222), (478, 1), (479, 2111), (508, 2), (510, 10), (515, 1), (526, 10), (529, 10), (532, 10), (535, 1), (553, 10), (560, 1010), (571, 10), (572, 10), (573, 1010), (576, 1000), (583, 1), (613, 1), (616, 1), (619, 10), (645, 10), (646, 10), (654, 10), (673, 1), (677, 1), (731, 1), (735, 1), (763, 1), (780, 10), (785, 2122), (786, 2122), (815, 1221), (849, 100), (851, 1), (852, 1), (869, 1000), (882, 1), (888, 100), (899, 1210), (931, 10), (941, 1111), (942, 1), (949, 1000), (954, 101), (956, 100), (959, 100), (1000, 1), (1008, 1222), (1024, 1000), (1027, 1), (1029, 1), (1052, 11), (1080, 101), (1100, 1212), (1105, 2), (1109, 10), (1117, 1212), (1124, 2210), (1126, 10), (1127, 12), (1128, 10), (1130, 1), (1131, 2), (1132, 1), (1133, 11), (1135, 1122), (1137, 1121), (1139, 1220), (1141, 1120), (1146, 10), (1148, 10), (1160, 11), (1161, 10), (1192, 1), (1193, 1121), (1230, 1120), (1234, 2222)]
41;[(46, 100), (296, 100), (301, 100), (322, 10), (370, 100), (392, 1000), (603, 2221), (941, 1), (998, 1010), (1106, 2222), (1107, 2222), (1108, 2222), (1115, 1122), (1184, 10), (1190, 2222)]
42;[(5, 1), (46, 100), (57, 2222), (92, 2212), (135, 1), (209, 2222), (245, 1011), (297, 1), (301, 1112), (314, 100), (317, 2222), (322, 1), (337, 1212), (339, 100), (370, 11), (416, 2212), (434, 1), (443, 2220), (489, 1), (505, 2221), (509, 1000), (550, 1), (585, 2222), (586, 1), (601, 1), (695, 2222), (719, 1), (722, 2), (724, 1), (731, 1), (763, 1), (764, 1), (770, 1), (822, 1), (837, 1), (888, 1), (931, 1011), (944, 1), (1000, 1), (1033, 1), (1040, 1), (1085, 1011), (1093, 1), (1187, 1), (1192, 1), (1232, 1), (1234, 1001)]
43;[(3, 100), (4, 100), (28, 100), (54, 1121), (65, 100), (66, 2221), (91, 100), (94, 100), (119, 12), (124, 1212), (125, 2222), (135, 1), (137, 2), (140, 2222), (147, 10), (172, 2222), (173, 1220), (199, 1), (221, 1), (261, 1100), (294, 100), (301, 1), (302, 1100), (303, 2120), (307, 1), (308, 100), (311, 100), (324, 100), (334, 100), (361, 100), (370, 1112), (386, 1000), (392, 11), (404, 100), (418, 2212), (430, 1), (440, 2222), (441, 2222), (461, 1210), (471, 1), (484, 110), (490, 1), (493, 1), (504, 2222), (505, 1), (522, 101), (526, 1100), (527, 100), (560, 100), (562, 100), (563, 1), (568, 2222), (570, 1), (571, 1), (575, 1), (636, 1000), (655, 10), (693, 1), (694, 100), (707, 1), (714, 1100), (733, 1), (737, 1), (741, 1), (758, 1), (793, 100), (795, 100), (817, 100), (818, 100), (864, 1), (889, 1), (891, 11), (913, 100), (916, 100), (918, 1011), (921, 1102), (944, 1), (958, 1002), (960, 2222), (966, 1001), (967, 1001), (975, 2), (982, 1), (997, 10), (1000, 2), (1080, 1), (1093, 1), (1094, 1), (1121, 1), (1156, 1), (1167, 11), (1172, 11), (1184, 10), (1185, 1), (1199, 1002), (1200, 2211), (1209, 1), (1216, 10)]
44;[(44, 2222), (45, 1000), (53, 2222), (67, 1211), (72, 2112), (74, 2222), (83, 1001), (84, 1112), (106, 1001), (108, 1000), (118, 1000), (121, 1000), (122, 11), (124, 2222), (125, 100), (135, 1), (138, 2), (142, 10), (143, 2212), (154, 2212), (166, 1000), (171, 2212), (172, 1000), (190, 2222), (235, 2210), (236, 2211), (242, 2210), (243, 2210), (244, 2220), (257, 1001), (264, 2110), (269, 2212), (276, 1), (297, 1), (310, 100), (312, 2222), (325, 1111), (336, 2111), (360, 1001), (370, 1000), (371, 1), (381, 1), (386, 2212), (390, 2212), (392, 1), (399, 1211), (409, 1), (411, 2222), (415, 2120), (430, 1001), (435, 1), (436, 2220), (453, 2222), (465, 1), (493, 101), (495, 2222), (503, 1), (504, 2222), (523, 1001), (528, 2212), (538, 1), (548, 2222), (561, 2212), (563, 1), (566, 2222), (567, 2222), (568, 2222), (569, 2220), (570, 1120), (572, 1210), (574, 2222), (575, 2222), (576, 10), (590, 1), (608, 1), (621, 2222), (622, 2222), (623, 2222), (624, 2212), (625, 2222), (634, 2222), (636, 2222), (645, 101), (647, 1212), (655, 2222), (666, 1211), (691, 2222), (702, 2222), (737, 2222), (743, 2222), (747, 1), (750, 2222), (765, 2222), (766, 2222), (767, 1), (786, 2222), (840, 2222), (841, 1101), (847, 2222), (850, 2222), (856, 1), (858, 2121), (862, 1), (873, 2222), (875, 1), (951, 2222), (953, 2222), (961, 1000), (967, 2222), (971, 1221), (973, 2222), (1024, 2222), (1029, 2222), (1030, 2222), (1053, 2222), (1054, 1), (1055, 2222), (1057, 1012), (1059, 2222), (1070, 1), (1072, 1212), (1130, 2), (1136, 1), (1139, 1), (1142, 1002), (1144, 1), (1146, 1220), (1148, 1222), (1156, 1221), (1157, 1), (1160, 2122), (1185, 2221), (1196, 1), (1201, 2222), (1202, 2222), (1210, 1), (1212, 1), (1222, 2222), (1230, 2211), (1231, 1101)]
45;[(278, 100), (283, 100), (286, 100), (287, 101), (288, 100), (289, 1220), (290, 1110), (292, 2210), (293, 1220), (338, 1212), (538, 2210), (540, 1000), (715, 100), (758, 1010), (803, 2212), (919, 2212), (924, 2212), (1050, 10), (1159, 2222), (1168, 10)]
46;[(51, 2222), (53, 2222), (370, 10), (410, 11), (430, 1), (500, 100), (503, 2221), (516, 2111), (553, 1002), (568, 1000), (623, 10), (702, 2122), (737, 2222), (854, 1111), (856, 2111), (857, 2), (1196, 1), (1212, 1121)]
47;[(15, 2), (57, 1000), (92, 2220), (118, 10), (121, 10), (125, 1), (163, 2222), (165, 2), (172, 12), (183, 10), (208, 1), (209, 2220), (245, 1000), (259, 10), (278, 10), (279, 10), (283, 10), (286, 10), (287, 10), (295, 2211), (296, 100), (301, 1210), (302, 100), (317, 2220), (337, 1000), (361, 1000), (370, 1000), (406, 2212), (416, 1000), (436, 1), (505, 2221), (508, 2210), (525, 10), (585, 2220), (613, 2210), (684, 2222), (694, 2212), (695, 2210), (707, 110), (781, 1), (862, 10), (868, 10), (906, 2221), (928, 10), (931, 1000), (971, 100), (998, 1010), (1000, 1001), (1013, 1000), (1058, 2220), (1075, 10), (1106, 1000), (1107, 1000), (1108, 1000), (1129, 10), (1132, 10), (1165, 2222), (1192, 1000), (1194, 10), (1206, 10)]
48;[(44, 110), (72, 100), (74, 100), (124, 2220), (143, 2), (154, 2222), (190, 10), (257, 11), (312, 100), (336, 2222), (386, 100), (422, 1), (436, 2222), (453, 2222), (493, 101), (495, 2220), (523, 2220), (548, 2220), (566, 1000), (568, 2222), (576, 2222), (691, 1), (765, 10), (766, 10), (786, 10), (850, 2222), (967, 11), (1142, 2220), (1201, 1), (1231, 2122)]
49;[(72, 100), (84, 10), (138, 2222), (143, 2222), (230, 2220), (313, 2222), (370, 10), (392, 1010), (393, 2220), (430, 10), (436, 2222), (440, 1000), (465, 1), (493, 2222), (503, 1), (504, 1222), (505, 1), (523, 2220), (530, 1), (553, 10), (562, 2220), (563, 2220), (566, 1000), (568, 1212), (570, 1001), (586, 1), (608, 1), (624, 2222), (625, 1221), (691, 2220), (726, 100), (743, 2220), (749, 11), (953, 1222), (972, 2222), (1198, 2222)]
50;[(44, 100), (259, 2222), (309, 100), (347, 1), (435, 2222), (440, 1001), (495, 2222), (505, 1), (543, 100), (548, 2222), (568, 1001), (570, 1), (575, 1), (601, 1), (634, 1), (829, 1), (848, 2222), (953, 1222), (961, 2222), (973, 1220), (1058, 100), (1156, 1121), (1157, 2222), (1159, 1121), (1160, 1)]
51;[(1, 100), (11, 100), (14, 100), (18, 1120), (19, 1210), (26, 2221), (44, 1120), (51, 100), (55, 100), (62, 100), (63, 100), (66, 1), (67, 1112), (72, 1112), (83, 1), (84, 1112), (85, 2222), (102, 1100), (107, 1102), (108, 1), (112, 2212), (114, 2211), (122, 2222), (124, 2), (135, 1), (137, 2221), (141, 2222), (142, 2212), (177, 1), (190, 1), (191, 2121), (196, 11), (200, 1), (201, 2222), (214, 2222), (216, 100), (217, 100), (218, 100), (219, 100), (221, 100), (222, 100), (225, 2222), (230, 1), (235, 2212), (236, 2211), (245, 100), (249, 2222), (252, 100), (254, 2111), (263, 100), (264, 1100), (270, 2212), (276, 1), (277, 2210), (279, 12), (281, 11), (289, 100), (297, 1001), (302, 2212), (303, 2212), (304, 2221), (305, 2212), (306, 2222), (307, 102), (308, 2111), (311, 1), (322, 1), (325, 1211), (333, 1101), (337, 1001), (343, 1), (345, 100), (355, 100), (360, 1002), (365, 1212), (366, 1211), (370, 1112), (382, 1), (383, 1012), (386, 1222), (391, 11), (392, 1122), (400, 2112), (402, 1), (407, 2221), (415, 1101), (417, 2), (418, 1211), (419, 2111), (430, 1011), (435, 1), (437, 1), (440, 1), (442, 2122), (444, 2222), (445, 2222), (465, 1222), (481, 2222), (484, 2211), (488, 1), (490, 2222), (493, 101), (494, 2122), (495, 1), (498, 1122), (501, 2221), (502, 1), (503, 11), (504, 2222), (505, 1), (510, 1), (511, 1011), (517, 11), (521, 1210), (526, 1), (528, 2211), (529, 2211), (530, 2211), (531, 2211), (532, 2221), (534, 2211), (535, 2222), (548, 1), (553, 2211), (560, 2222), (562, 102), (563, 2211), (564, 2222), (565, 2222), (566, 2221), (568, 1222), (569, 2222), (570, 1222), (571, 1000), (572, 2222), (573, 2222), (574, 2222), (575, 2222), (576, 1), (589, 10), (590, 101), (605, 1122), (608, 1222), (625, 1), (627, 1), (636, 1002), (639, 1100), (643, 1), (646, 2222), (675, 1100), (681, 2112), (685, 2222), (707, 1000), (726, 2222), (733, 1), (737, 10), (738, 2222), (739, 2222), (740, 2222), (741, 2222), (744, 2222), (745, 1), (746, 2222), (747, 1), (748, 2222), (749, 2222), (779, 1001), (789, 2210), (790, 100), (793, 1), (827, 2222), (828, 100), (829, 2211), (847, 1), (852, 100), (856, 101), (857, 100), (858, 1), (861, 1), (864, 1211), (865, 2), (866, 1), (868, 1000), (869, 2112), (875, 1), (881, 1), (889, 1), (891, 1001), (892, 2212), (905, 1), (918, 2222), (921, 2222), (925, 1001), (926, 1000), (933, 1), (936, 100), (949, 2222), (950, 2222), (954, 1220), (956, 1001), (957, 2222), (958, 2211), (966, 2221), (990, 1), (991, 1), (1001, 1), (1024, 1210), (1026, 2222), (1027, 100), (1044, 1221), (1057, 100), (1065, 1), (1070, 1100), (1074, 102), (1076, 2222), (1079, 1), (1091, 2), (1120, 1112), (1127, 100), (1135, 100), (1137, 100), (1139, 100), (1141, 100), (1156, 1221), (1167, 1222), (1196, 1211), (1198, 1), (1199, 1000), (1200, 2221), (1202, 10), (1203, 2122), (1204, 2221), (1207, 2122), (1208, 2222), (1209, 2222), (1210, 1121), (1211, 1222), (1212, 2122), (1234, 2), (1236, 1222), (1238, 1220)]
52;[(406, 2222), (505, 10)]
53;[(1, 1000), (11, 2), (55, 1000), (81, 1000), (160, 1), (188, 1000), (223, 1000), (228, 1000), (347, 1100), (370, 10), (401, 2210), (432, 1212), (447, 2220), (505, 1000), (509, 1000), (577, 1110), (590, 1010), (767, 1001), (917, 100), (987, 2221), (1170, 1210), (1228, 111), (1229, 111)]
54;[(11, 2222), (23, 100), (55, 1010), (187, 1011), (206, 100), (211, 2222), (223, 1122), (228, 2222), (229, 2222), (333, 11), (341, 12), (347, 12), (358, 2222), (369, 2121), (382, 2222), (394, 2120), (401, 2111), (402, 2122), (432, 2222), (485, 2121), (488, 2120), (505, 11), (513, 1002), (547, 1), (550, 1), (552, 101), (577, 2110), (590, 11), (607, 100), (613, 1000), (626, 101), (631, 2212), (632, 1122), (716, 1101), (767, 1001), (771, 100), (790, 1), (793, 1), (806, 1), (812, 2122), (819, 2222), (860, 2), (904, 2212), (905, 100), (917, 2210), (941, 1001), (964, 2222), (990, 1001), (1003, 2), (1005, 2221), (1007, 2122), (1013, 1001), (1048, 2122), (1060, 2222), (1099, 100), (1134, 2112), (1163, 2212), (1164, 112), (1169, 1222), (1171, 100), (1192, 1), (1237, 100)]
55;[(70, 100), (232, 1100), (305, 100), (347, 1000), (358, 2), (391, 2110), (430, 1), (432, 2122), (463, 1100), (505, 1001), (521, 2222), (530, 2122), (640, 1010), (675, 1000), (749, 10), (779, 1010), (820, 1122), (828, 1210), (847, 10), (890, 1001), (1056, 1000), (1070, 1100), (1156, 1), (1205, 2110)]
56;[(55, 1000), (89, 110), (123, 1), (135, 1), (181, 1012), (185, 1001), (212, 1012), (288, 110), (290, 110), (292, 110), (414, 100), (424, 100), (432, 100), (443, 100), (450, 2), (758, 100), (767, 2222), (783, 1000), (794, 100), (919, 100), (924, 100), (925, 100), (928, 100), (970, 100), (972, 100), (1066, 100), (1091, 12), (1093, 1), (1102, 100), (1115, 100), (1234, 1), (1239, 100)]
57;[(1, 1222), (6, 1), (8, 100), (11, 1), (62, 10), (79, 100), (80, 10), (81, 10), (160, 1001), (177, 100), (178, 1110), (188, 1010), (200, 100), (223, 2211), (228, 1000), (282, 12), (346, 2120), (369, 1000), (370, 1110), (394, 1220), (397, 100), (415, 1000), (432, 2120), (447, 100), (513, 1000), (577, 10), (588, 2220), (590, 2222), (668, 10), (778, 1210), (784, 1000), (790, 2220), (812, 101), (833, 1000), (860, 1120), (865, 2110), (890, 101), (905, 1210), (983, 1220), (986, 1120), (987, 1121), (988, 2220), (989, 1010), (1086, 100), (1090, 100), (1091, 11), (1095, 2110), (1170, 2), (1171, 2), (1173, 1120), (1203, 1100)]
58;[(1, 2222), (6, 2222), (7, 2222), (43, 100), (48, 1010), (55, 2210), (60, 100), (62, 2112), (63, 2110), (80, 2212), (81, 2), (82, 2210), (102, 1), (111, 10), (160, 2222), (164, 1), (178, 2122), (179, 2110), (187, 2120), (188, 2121), (200, 1002), (223, 2221), (228, 2120), (229, 1220), (271, 2210), (282, 1001), (335, 1001), (346, 2122), (347, 2121), (366, 10), (369, 2220), (370, 1100), (384, 1000), (392, 10), (394, 2211), (397, 100), (402, 1), (415, 1001), (427, 1), (429, 100), (432, 2122), (447, 2122), (457, 1), (463, 10), (485, 1), (505, 1120), (511, 100), (513, 111), (517, 10), (550, 1), (577, 2122), (588, 2122), (589, 2110), (590, 2222), (591, 2222), (609, 10), (614, 2121), (631, 2120), (668, 1021), (748, 10), (749, 10), (769, 1121), (778, 2212), (784, 1002), (790, 2222), (805, 1), (812, 2212), (820, 1), (860, 2222), (865, 2122), (874, 1112), (890, 2122), (903, 110), (905, 2220), (912, 1), (917, 2211), (964, 100), (983, 2222), (986, 2222), (987, 2222), (988, 2222), (989, 2222), (990, 1), (1005, 1), (1025, 1100), (1077, 2220), (1086, 100), (1090, 100), (1091, 11), (1134, 2), (1170, 2221), (1171, 1122), (1173, 2222), (1228, 1000), (1234, 1)]
59;[(1, 2), (6, 1), (11, 1), (18, 101), (45, 10), (48, 112), (55, 2222), (62, 2), (63, 2), (67, 1), (79, 1000), (80, 2), (81, 1002), (84, 1012), (102, 2111), (107, 1012), (110, 1), (111, 100), (122, 1100), (160, 101), (164, 1), (166, 110), (177, 1), (179, 1), (187, 2), (188, 1), (191, 1102), (200, 1), (214, 2111), (223, 2222), (228, 1112), (229, 1222), (245, 10), (275, 1011), (279, 2111), (281, 1), (284, 2112), (306, 1), (333, 1), (335, 111), (346, 101), (347, 1002), (365, 2111), (366, 2111), (369, 1), (370, 1011), (382, 1), (386, 1001), (392, 11), (394, 2212), (397, 2121), (401, 2122), (402, 2222), (415, 2), (425, 10), (427, 1), (430, 1), (432, 2122), (442, 1), (444, 1), (447, 2), (452, 1), (465, 1), (485, 1001), (504, 1), (505, 1122), (509, 2112), (513, 1112), (521, 2), (524, 1), (530, 2), (565, 1121), (572, 1011), (574, 1011), (577, 2222), (588, 112), (590, 1012), (591, 2), (607, 1), (608, 1220), (609, 100), (614, 2), (631, 101), (668, 2222), (670, 1122), (678, 1), (679, 1), (685, 10), (689, 2111), (738, 1), (748, 1), (767, 2212), (769, 1), (778, 101), (784, 2122), (790, 2120), (812, 2222), (820, 1), (827, 1001), (828, 1), (833, 2121), (860, 102), (865, 2122), (869, 100), (874, 102), (882, 1), (903, 1111), (905, 2221), (912, 1), (917, 101), (936, 2112), (937, 1), (964, 100), (977, 10), (983, 102), (986, 102), (987, 2), (988, 102), (989, 2222), (990, 1), (1005, 1), (1007, 1), (1025, 2121), (1044, 1100), (1056, 10), (1060, 12), (1071, 1), (1074, 2122), (1075, 1), (1077, 2222), (1091, 11), (1095, 1122), (1097, 1), (1102, 2121), (1134, 2), (1143, 10), (1163, 1121), (1170, 1), (1171, 1112), (1172, 12), (1173, 1210), (1203, 1000), (1205, 1111), (1228, 2), (1232, 1)]
60;[(17, 101), (87, 100), (100, 2222), (155, 1220), (241, 2112), (267, 111), (322, 1210), (340, 2), (348, 2222), (354, 1000), (370, 1000), (446, 2220), (519, 1010), (550, 1000), (587, 2120), (597, 2120), (653, 1010), (698, 2122), (722, 1), (724, 1), (751, 10), (764, 1), (990, 1002), (1000, 1), (1004, 2222), (1040, 1), (1041, 1110), (1043, 1110), (1046, 2), (1047, 1110), (1104, 1), (1110, 12), (1192, 1100), (1194, 1)]
61;[(10, 1010), (56, 1), (62, 100), (63, 100), (114, 100), (132, 1), (187, 1), (195, 2222), (196, 2222), (197, 100), (200, 2), (226, 1), (298, 1), (347, 1), (358, 100), (370, 1012), (383, 2222), (427, 1), (432, 1002), (434, 1), (437, 2222), (439, 100), (465, 112), (481, 1101), (490, 1120), (498, 102), (500, 100), (501, 2222), (502, 2222), (505, 2222), (511, 1001), (517, 1), (531, 2121), (532, 10), (535, 10), (565, 10), (570, 1001), (590, 1001), (605, 2222), (668, 1), (685, 2222), (726, 10), (735, 1), (738, 10), (739, 10), (741, 10), (754, 2212), (763, 1), (767, 1), (827, 100), (847, 10), (864, 1), (865, 1), (875, 100), (882, 2), (912, 1), (944, 1), (969, 2122), (980, 100), (990, 2), (1040, 1), (1079, 1122), (1092, 2), (1093, 2), (1098, 1), (1188, 1), (1207, 10), (1208, 10), (1234, 1), (1236, 1)]
62;[(10, 1), (17, 2211), (24, 1), (43, 100), (56, 1010), (60, 10), (62, 100), (63, 1101), (64, 1220), (69, 1000), (72, 1), (88, 10), (94, 1), (110, 100), (144, 1001), (148, 2222), (155, 2111), (160, 1), (182, 100), (192, 2210), (193, 2211), (194, 2210), (197, 1110), (200, 1001), (211, 100), (224, 100), (226, 1112), (237, 1), (238, 11), (244, 1000), (267, 2), (297, 1001), (321, 1000), (322, 1), (330, 1000), (331, 1011), (333, 1001), (340, 1000), (348, 1002), (349, 1000), (354, 1001), (358, 1000), (359, 12), (370, 2212), (372, 1000), (382, 1001), (383, 1000), (427, 1000), (429, 1000), (434, 1), (437, 2220), (438, 2221), (446, 1000), (458, 100), (459, 100), (460, 100), (465, 100), (472, 1000), (473, 1210), (479, 100), (486, 10), (505, 100), (537, 1000), (539, 100), (550, 2112), (551, 1), (558, 1010), (559, 1), (580, 1), (586, 1), (590, 10), (607, 2220), (643, 1), (663, 1010), (677, 10), (698, 1101), (703, 1100), (704, 1), (722, 1122), (724, 1002), (729, 1), (731, 1), (734, 1000), (735, 1), (736, 1120), (761, 1001), (763, 1102), (764, 1001), (767, 1), (768, 1011), (783, 10), (787, 1000), (803, 111), (804, 100), (806, 2122), (819, 1000), (821, 1), (822, 2), (837, 1120), (842, 2221), (843, 1), (844, 2), (845, 2), (870, 1), (879, 1000), (880, 1), (882, 1002), (885, 1000), (886, 1000), (888, 1002), (889, 2), (904, 1101), (907, 2110), (912, 1000), (913, 1000), (914, 100), (920, 1), (937, 1000), (941, 1011), (944, 1000), (945, 1), (964, 1000), (969, 100), (990, 1002), (1000, 1002), (1022, 1), (1023, 1002), (1032, 1000), (1033, 1), (1038, 1000), (1039, 1000), (1040, 2), (1042, 1), (1071, 1000), (1073, 2122), (1080, 2), (1093, 1), (1104, 1), (1151, 1121), (1192, 1), (1195, 1000), (1214, 1210), (1232, 1), (1234, 101)]
63;[(1, 1), (23, 100), (62, 100), (63, 100), (166, 1), (322, 1010), (347, 2220), (370, 10), (374, 100), (429, 2222), (434, 2110), (437, 100), (438, 1), (463, 2222), (490, 100), (499, 2220), (500, 100), (501, 100), (502, 100), (505, 100), (592, 1100), (669, 100), (698, 1000), (704, 1), (724, 1), (763, 1), (803, 100), (805, 101), (821, 10), (922, 1000), (976, 2210), (980, 100), (1040, 1), (1091, 10), (1155, 2222), (1171, 2110), (1192, 1210), (1228, 2120), (1229, 2120)]
64;[(17, 12), (20, 2), (22, 2222), (24, 1), (64, 1211), (144, 101), (148, 101), (155, 1), (160, 1), (197, 101), (227, 100), (267, 1), (322, 1), (331, 1), (349, 1000), (358, 1000), (370, 1110), (372, 2222), (382, 1), (434, 1), (437, 2222), (472, 100), (550, 2), (590, 1), (605, 1), (606, 10), (674, 10), (698, 1), (703, 1), (722, 10), (724, 1), (768, 1), (814, 2222), (842, 2222), (844, 2), (882, 1), (889, 2), (907, 1), (944, 1), (963, 1001), (1000, 2), (1033, 1), (1038, 2222), (1067, 1), (1071, 1), (1076, 1), (1091, 2), (1093, 2), (1188, 1), (1195, 2222)]
65;[(17, 12), (20, 2121), (22, 112), (24, 2122), (64, 2222), (87, 1002), (93, 1), (132, 1), (135, 1), (144, 2222), (148, 102), (155, 2122), (192, 2220), (194, 2222), (197, 102), (206, 1211), (211, 2222), (224, 100), (227, 1), (238, 1), (267, 1), (297, 1), (322, 1), (323, 2), (331, 11), (341, 12), (349, 2112), (358, 1000), (368, 2112), (370, 1212), (372, 2212), (383, 1), (386, 1), (387, 2122), (388, 2122), (437, 2222), (519, 1), (539, 100), (543, 1), (546, 1), (550, 2), (578, 2222), (587, 1), (597, 2), (599, 1), (606, 1111), (611, 1), (629, 1), (653, 11), (674, 2122), (699, 2111), (722, 1012), (736, 1121), (763, 1), (788, 1), (803, 1), (814, 1002), (819, 100), (821, 1010), (833, 1), (842, 2222), (882, 1), (885, 2112), (886, 2112), (889, 1), (904, 2220), (913, 1), (963, 1), (964, 1210), (990, 2), (1000, 2), (1006, 1000), (1007, 1220), (1038, 2222), (1042, 1), (1045, 1012), (1046, 2221), (1048, 101), (1067, 1012), (1073, 2222), (1092, 2), (1093, 1), (1099, 1121), (1149, 1), (1150, 1), (1151, 1122), (1153, 1), (1164, 1), (1188, 1), (1195, 1122), (1214, 1), (1232, 1), (1234, 2), (1237, 2122)]
66;[(1, 1), (10, 1), (11, 1), (13, 1), (17, 12), (22, 2), (63, 100), (100, 2210), (148, 12), (155, 1), (160, 1), (166, 1), (187, 100), (200, 1101), (267, 1), (322, 2222), (340, 2110), (348, 2212), (350, 1012), (370, 2212), (385, 1), (427, 1), (429, 2222), (434, 2212), (446, 1000), (463, 1220), (498, 1000), (558, 11), (590, 1), (605, 1), (607, 10), (630, 1), (698, 1102), (722, 2), (724, 2), (731, 1), (736, 2), (763, 1002), (767, 1), (771, 10), (788, 1000), (821, 1011), (837, 100), (882, 2), (907, 1000), (912, 1000), (913, 1), (944, 1002), (969, 100), (976, 100), (980, 100), (990, 2), (1004, 100), (1098, 1), (1104, 1), (1109, 1), (1134, 1), (1155, 2120), (1192, 2222), (1194, 11), (1195, 1), (1214, 10), (1226, 1)]
67;[(43, 100), (61, 1), (148, 2212), (354, 1000), (370, 1012), (472, 1220), (473, 100), (519, 100), (724, 1001), (764, 1), (842, 11), (910, 2120), (914, 2220), (1234, 2)]
68;[(11, 100), (64, 1000), (90, 1112), (135, 1), (195, 2220), (206, 2121), (297, 1), (327, 1), (331, 1), (341, 1100), (349, 2212), (358, 1000), (359, 1), (370, 1000), (437, 10), (438, 1220), (543, 2222), (546, 1002), (550, 1), (607, 1), (632, 1), (734, 1002), (819, 1000), (826, 1), (838, 1), (882, 1), (889, 2), (904, 1111), (913, 1000), (944, 1), (964, 2120), (969, 1), (1000, 1), (1003, 2222), (1040, 1), (1046, 2), (1048, 1100), (1093, 2), (1099, 2120), (1134, 100), (1149, 10), (1150, 10), (1164, 1110), (1172, 1000), (1234, 1)]
69;[(193, 2222), (326, 1), (327, 1001), (359, 2112), (363, 2122), (370, 1112), (438, 2122), (550, 1), (703, 2222), (724, 1), (837, 1), (907, 2222), (944, 1101), (1000, 1102), (1234, 1101)]
70;[(17, 100), (327, 1001), (340, 2222), (370, 1112), (438, 1122), (698, 2222), (722, 100), (804, 2222), (837, 1), (944, 1101), (952, 100), (1000, 1102), (1009, 2222), (1032, 2222), (1104, 2222), (1232, 1), (1234, 1102)]
71;[(11, 10), (56, 1000), (148, 2222), (327, 1000), (370, 1), (547, 1)]
72;[(58, 1011), (250, 1000), (323, 2220), (333, 1), (682, 2122), (683, 2120), (732, 2222), (733, 2), (837, 1), (941, 1), (1000, 1), (1019, 1), (1125, 1)]
73;[(50, 2222), (224, 1122), (227, 2222), (359, 2112), (370, 1111), (438, 1122), (629, 2220), (630, 2222), (724, 1), (806, 2110), (843, 2222), (844, 2222), (990, 1), (1000, 1), (1093, 2), (1228, 10), (1229, 10), (1234, 1)]
74;[(148, 2220), (370, 1000), (724, 1001), (910, 2122), (914, 2222), (1000, 1), (1093, 2)]
75;[(100, 1000), (241, 102), (273, 11), (316, 2222), (348, 1010), (354, 1010), (359, 2110), (370, 1112), (446, 2222), (519, 1001), (587, 1010), (597, 1000), (751, 110), (757, 10), (837, 1), (944, 1101), (1043, 1000), (1047, 1000), (1110, 1012), (1234, 2), (1235, 100)]
76;[(329, 1), (330, 100), (359, 101), (370, 110), (437, 2212), (438, 1011), (606, 2222), (731, 1), (882, 1), (889, 1), (1007, 1012), (1023, 1), (1039, 1), (1048, 1010), (1080, 1), (1134, 1), (1188, 1222)]
77;[(25, 101), (27, 2222), (31, 10), (50, 1), (90, 1212), (128, 12), (135, 101), (148, 1), (168, 1), (195, 2221), (197, 1), (224, 1122), (226, 1), (227, 1220), (267, 1), (297, 1), (298, 1), (321, 10), (323, 2222), (326, 10), (327, 1212), (329, 1012), (330, 102), (333, 1), (359, 2112), (370, 1112), (428, 1), (437, 1222), (438, 1222), (542, 1010), (546, 2222), (550, 1), (551, 1), (558, 1), (586, 1), (592, 110), (629, 2222), (630, 2221), (663, 1), (722, 2), (724, 1), (729, 1), (731, 2), (734, 2222), (735, 2), (754, 2222), (806, 1000), (826, 1), (837, 1), (839, 1), (843, 2122), (844, 2122), (845, 2), (879, 1), (882, 2), (889, 2), (912, 1), (937, 1), (939, 1112), (941, 1), (944, 2), (963, 1211), (990, 2), (1006, 2222), (1012, 2222), (1023, 1), (1034, 2222), (1035, 2222), (1040, 1), (1080, 1), (1092, 2), (1093, 2), (1134, 1), (1138, 1122), (1149, 1112), (1150, 112), (1152, 2122), (1153, 2122), (1188, 1), (1220, 2222), (1232, 1), (1234, 1102)]
78;[(61, 112), (65, 100), (82, 1), (90, 100), (93, 100), (135, 10), (146, 1002), (152, 11), (159, 1122), (161, 10), (179, 11), (184, 1000), (188, 1), (238, 100), (253, 1211), (255, 2212), (265, 1), (282, 2), (315, 100), (320, 2222), (321, 100), (326, 100), (330, 100), (333, 100), (359, 1), (370, 1011), (373, 2212), (427, 101), (438, 102), (451, 1), (452, 1122), (459, 1220), (460, 1000), (479, 100), (556, 101), (648, 10), (663, 100), (680, 2222), (686, 1111), (696, 1), (718, 1), (722, 1), (724, 1), (731, 1), (734, 1), (753, 100), (800, 10), (802, 2221), (838, 100), (884, 1), (889, 1), (912, 100), (944, 1), (945, 100), (1010, 11), (1015, 1), (1019, 100), (1021, 2222), (1042, 2), (1065, 100), (1069, 1), (1071, 12), (1078, 2), (1081, 11), (1086, 2), (1089, 2), (1090, 2), (1091, 112), (1093, 2), (1111, 2222), (1112, 100), (1118, 1), (1179, 111), (1180, 111), (1181, 2222), (1227, 1010), (1234, 101)]
79;[(65, 100), (75, 1000), (123, 1121), (132, 1), (135, 101), (146, 2), (148, 1), (179, 1000), (184, 1000), (255, 100), (315, 10), (320, 2220), (330, 101), (333, 1), (359, 1011), (370, 1000), (373, 1210), (384, 2210), (427, 100), (438, 1121), (452, 100), (648, 1211), (650, 2221), (663, 100), (826, 1001), (829, 1), (838, 100), (882, 1), (912, 100), (923, 1210), (944, 1001), (945, 2210), (1000, 1), (1010, 1000), (1023, 1), (1065, 100), (1082, 2120), (1089, 1), (1091, 101), (1112, 2222), (1179, 1100), (1181, 2222), (1234, 1100)]
80;[(61, 1000), (135, 100), (152, 100), (159, 1100), (238, 1010), (330, 1), (333, 101), (427, 100), (438, 100), (451, 1000), (452, 100), (453, 100), (458, 2122), (459, 100), (460, 2222), (612, 1000), (663, 100), (696, 2220), (722, 1), (753, 1212), (800, 1111), (884, 1000), (912, 1), (945, 1101), (1010, 1000), (1042, 1101), (1065, 100), (1071, 101), (1078, 2122), (1091, 100), (1179, 100), (1180, 100), (1227, 2222), (1234, 1101)]
81;[(31, 10), (90, 1011), (93, 10), (132, 1), (135, 1), (195, 1), (253, 10), (321, 2222), (326, 1011), (359, 1), (370, 1111), (438, 1121), (542, 2120), (546, 2212), (550, 1), (551, 1), (586, 1), (592, 10), (729, 1), (731, 1), (734, 2222), (941, 1001), (944, 1), (990, 2), (1092, 2220), (1134, 1), (1232, 1), (1234, 1)]
82;[(25, 2222), (31, 2), (90, 2222), (93, 2222), (132, 1), (135, 2122), (148, 1), (152, 2), (159, 1002), (189, 1), (195, 1), (197, 1), (238, 1), (253, 2112), (297, 1), (321, 2222), (326, 2222), (327, 1012), (330, 1), (331, 1), (333, 1), (359, 2112), (370, 1112), (427, 1), (438, 2222), (458, 1010), (542, 2120), (543, 12), (546, 2122), (550, 1), (551, 1), (586, 1), (592, 10), (722, 1), (724, 1), (729, 1), (731, 1), (734, 2122), (826, 1000), (837, 1), (845, 1), (879, 1), (882, 1), (889, 1), (904, 1), (912, 1), (937, 1), (941, 11), (944, 101), (952, 1), (963, 2221), (990, 1), (1000, 1), (1003, 2220), (1040, 1), (1078, 1000), (1092, 1), (1150, 1), (1188, 1), (1227, 1), (1232, 1), (1234, 1102)]
83;[(18, 2121), (166, 2221), (187, 1), (238, 100), (366, 100), (370, 1011), (394, 100), (427, 100), (430, 1), (432, 1212), (447, 1100), (463, 1), (501, 1), (505, 101), (517, 1), (550, 1), (590, 11), (609, 1000), (668, 1), (767, 2), (905, 1), (912, 1), (988, 100), (989, 100), (1074, 100), (1077, 101), (1091, 100), (1102, 1120), (1143, 1220), (1170, 100), (1171, 100), (1203, 1212)]
84;[(8, 102), (160, 2221), (333, 100), (346, 1000), (384, 1000), (555, 1000), (590, 10), (778, 10), (837, 1), (912, 1), (922, 1001), (952, 100), (986, 1100), (1086, 1), (1112, 1001), (1179, 1)]
85;[(29, 1212), (58, 112), (88, 1000), (98, 1), (179, 2), (200, 1002), (202, 1121), (250, 100), (370, 1001), (427, 2), (432, 1000), (438, 1), (469, 1), (475, 2120), (589, 1000), (590, 1), (724, 1), (732, 1), (733, 1), (888, 1), (912, 1), (941, 1), (969, 1), (982, 2120), (983, 100), (1018, 2222), (1019, 100), (1022, 1), (1036, 1), (1065, 1), (1118, 2222)]
86;[(8, 2221), (61, 2), (85, 100), (110, 1211), (135, 101), (148, 1212), (152, 1002), (160, 112), (200, 1), (238, 110), (271, 2212), (330, 11), (346, 2111), (370, 1011), (384, 1000), (427, 1), (505, 101), (554, 2222), (555, 1), (577, 1000), (586, 1), (590, 2211), (722, 1011), (731, 1), (763, 101), (769, 1110), (922, 1), (944, 101), (945, 101), (952, 1), (983, 2110), (990, 2), (1000, 101), (1015, 1), (1033, 1), (1071, 1), (1077, 100), (1086, 1), (1090, 1), (1091, 11), (1112, 1), (1118, 1), (1173, 1100), (1181, 1), (1227, 1), (1232, 1), (1234, 1)]
87;[(187, 2222), (223, 1001), (228, 2222), (229, 2222), (333, 101), (369, 2222), (370, 1111), (382, 100), (394, 1), (401, 1100), (432, 2122), (438, 1102), (485, 1), (513, 101), (550, 101), (590, 1012), (631, 1001), (632, 1), (668, 1), (722, 1), (812, 101), (819, 1001), (833, 1), (860, 1210), (945, 100), (990, 1), (1005, 2222), (1007, 100), (1015, 2221), (1025, 100), (1032, 100), (1060, 2120), (1071, 101), (1134, 101), (1163, 1), (1169, 1), (1180, 1), (1234, 1)]
88;[(370, 1011), (443, 2), (457, 2222), (590, 1012), (614, 2220), (668, 1), (678, 110), (679, 110), (702, 100), (945, 100), (990, 1), (1091, 1211), (1134, 1), (1144, 100)]
89;[(79, 1210), (152, 2), (176, 2221), (177, 110), (179, 1), (260, 2212), (265, 2), (370, 1000), (469, 2222), (479, 1000), (590, 10), (706, 1100), (778, 100), (905, 1210), (912, 1101), (1065, 100), (1086, 1)]
90;[(7, 1222), (160, 1), (161, 1), (176, 1222), (177, 2212), (200, 1122), (260, 1012), (265, 2212), (370, 1000), (451, 2122), (479, 1120), (505, 1), (589, 1), (590, 2222), (763, 1), (778, 110), (874, 1), (884, 2222), (912, 1212), (987, 100), (1065, 100), (1071, 1), (1086, 1211), (1089, 1), (1090, 1210), (1091, 112), (1234, 1), (1238, 10)]
91;[(1, 1), (3, 2), (4, 2), (8, 1), (9, 1), (11, 101), (13, 1), (15, 102), (17, 101), (21, 100), (29, 1211), (30, 100), (32, 1), (33, 1), (40, 2), (41, 1), (45, 1), (46, 101), (50, 1), (56, 1), (57, 2212), (58, 1212), (59, 1211), (60, 1), (69, 2111), (78, 1), (88, 2221), (92, 1), (94, 1), (95, 2222), (97, 2222), (98, 2211), (100, 2), (103, 1012), (105, 1012), (109, 1012), (115, 1002), (116, 1012), (118, 2), (119, 1012), (121, 1), (122, 1), (124, 1), (128, 1), (134, 1), (135, 1), (139, 1211), (147, 1), (163, 1), (166, 1), (170, 1), (173, 1), (174, 1211), (181, 1), (182, 2222), (183, 2220), (186, 2220), (189, 10), (199, 102), (202, 1120), (204, 1210), (211, 100), (226, 1), (237, 1), (240, 2220), (241, 12), (242, 1), (243, 1), (244, 1), (248, 1), (250, 2122), (256, 1), (259, 1), (261, 1), (263, 1), (264, 1), (265, 1), (266, 2212), (267, 2222), (268, 100), (272, 1), (274, 100), (275, 1), (276, 1), (278, 1), (279, 1), (281, 1), (283, 1), (286, 1), (287, 1), (294, 2122), (297, 1001), (300, 100), (301, 10), (314, 2210), (317, 1220), (322, 2221), (331, 1), (333, 1), (339, 1111), (348, 2), (351, 110), (352, 110), (353, 2122), (354, 11), (355, 10), (359, 1011), (361, 110), (362, 2122), (364, 2220), (370, 2212), (376, 2221), (381, 2221), (385, 1221), (392, 1), (395, 2121), (396, 2211), (398, 11), (405, 1), (412, 2), (413, 2222), (416, 100), (422, 2221), (423, 1100), (426, 1), (428, 100), (431, 1), (434, 1002), (443, 1001), (454, 100), (455, 100), (466, 1210), (468, 2222), (473, 1), (474, 2120), (475, 2221), (478, 1120), (485, 100), (486, 12), (489, 100), (508, 101), (512, 11), (538, 1), (545, 110), (549, 100), (550, 1212), (551, 1), (552, 2112), (553, 1), (559, 101), (562, 1), (579, 2110), (582, 1), (586, 1), (594, 1211), (598, 2121), (601, 101), (603, 2012), (611, 1210), (615, 2121), (626, 1), (641, 1111), (642, 100), (643, 1), (648, 1), (659, 100), (667, 1), (673, 100), (682, 2210), (683, 2210), (684, 1220), (688, 100), (690, 101), (694, 100), (695, 1210), (700, 2222), (704, 1), (714, 110), (719, 1), (720, 102), (722, 2222), (724, 101), (725, 1), (727, 1), (728, 2222), (729, 1), (731, 2), (732, 2222), (733, 2122), (735, 1), (751, 2), (752, 1111), (756, 2222), (759, 2122), (762, 1), (763, 2112), (764, 1102), (767, 1), (768, 10), (770, 2222), (771, 1), (772, 102), (773, 1), (779, 1), (781, 2122), (782, 1), (784, 1102), (787, 2122), (788, 1), (791, 1001), (794, 1000), (796, 1220), (797, 2112), (798, 1100), (799, 1110), (801, 2122), (803, 2220), (808, 2122), (809, 1), (822, 2122), (833, 2112), (834, 100), (835, 100), (836, 1010), (838, 1), (844, 2), (854, 1), (859, 2122), (866, 1), (867, 1), (868, 1), (870, 2221), (872, 102), (875, 1), (880, 1), (882, 1), (883, 100), (888, 1002), (893, 2122), (894, 1), (896, 1), (897, 1000), (900, 1120), (906, 1), (913, 1), (914, 1000), (935, 11), (941, 1001), (944, 1), (947, 1), (965, 2122), (974, 2221), (982, 1001), (985, 1122), (990, 1002), (992, 1), (993, 1), (997, 2222), (998, 2212), (1000, 2122), (1018, 2122), (1019, 2), (1023, 1), (1033, 1), (1040, 1), (1041, 1), (1043, 2), (1047, 2), (1051, 1), (1054, 2), (1056, 2), (1057, 2), (1058, 2), (1063, 1), (1080, 2), (1085, 1), (1091, 1), (1093, 2), (1095, 2222), (1097, 2220), (1098, 1221), (1103, 1000), (1106, 100), (1107, 100), (1108, 100), (1115, 1), (1116, 1), (1118, 2212), (1119, 2), (1125, 1210), (1134, 100), (1177, 2122), (1184, 2221), (1186, 1), (1189, 2222), (1191, 101), (1192, 1), (1216, 2222), (1217, 2222), (1219, 2222), (1226, 2222), (1232, 1), (1234, 1001), (1235, 102)]
92;[(17, 1), (43, 1), (111, 1), (130, 1000), (135, 1102), (136, 1), (148, 2), (181, 1), (185, 1000), (189, 1), (193, 1000), (200, 1), (213, 2111), (226, 12), (238, 1012), (258, 2222), (333, 1002), (342, 100), (354, 2110), (370, 1102), (377, 1010), (392, 1), (429, 1), (434, 100), (446, 1), (465, 11), (472, 2222), (473, 2221), (479, 100), (489, 1121), (492, 1), (503, 1), (510, 1), (514, 1010), (550, 1100), (559, 11), (586, 2), (596, 1), (599, 2111), (607, 1), (611, 2110), (643, 1), (653, 1), (661, 2222), (671, 1000), (687, 1000), (692, 10), (705, 2210), (722, 2222), (724, 1111), (729, 1), (731, 2), (735, 1), (763, 1001), (764, 1001), (767, 1), (778, 1011), (783, 2122), (788, 100), (804, 1), (806, 1), (822, 100), (824, 1), (826, 10), (837, 1), (838, 1), (839, 1), (842, 2111), (845, 2), (856, 1), (858, 11), (859, 1), (879, 1122), (883, 1), (888, 1), (889, 1), (908, 100), (910, 1100), (914, 1210), (915, 100), (926, 100), (930, 101), (934, 1110), (940, 1), (941, 1001), (944, 1), (946, 1), (952, 2222), (990, 1002), (1000, 2122), (1014, 1), (1023, 2), (1031, 100), (1033, 1111), (1040, 1), (1066, 1), (1071, 1), (1093, 2), (1147, 2222), (1151, 1), (1186, 1), (1188, 1), (1192, 1100), (1195, 2122), (1226, 1), (1227, 1), (1232, 1121), (1234, 2122), (93, 18), (113, 2212), (145, 2222), (180, 2122), (272, 2222), (422, 1), (467, 1010), (489, 11), (550, 1), (586, 1002), (722, 1), (724, 1), (873, 1), (999, 2), (1000, 2), (1020, 2), (1023, 1), (1033, 2), (1233, 1)]
94;[(78, 11), (114, 2), (122, 1), (123, 1), (137, 1), (192, 1), (209, 11), (270, 2), (277, 2), (282, 1), (309, 2122), (311, 2122), (322, 1), (359, 1), (370, 1010), (400, 1), (435, 1), (436, 1), (440, 2222), (442, 1), (494, 2222), (498, 1212), (504, 1), (505, 1), (533, 1), (536, 2222), (571, 2), (742, 2222), (745, 2222), (789, 1010), (955, 2122), (1016, 2), (1091, 2), (1092, 2), (1121, 1122), (1143, 2122), (1156, 1121), (1158, 1), (1197, 2122), (1199, 2122), (1200, 1), (1204, 2222), (1223, 1121)]
95;[(12, 1), (30, 2112), (43, 100), (192, 2), (257, 1000), (322, 100), (603, 2120), (606, 2120), (1097, 1)]
96;[(9, 1), (40, 1001), (43, 100), (75, 2212), (454, 2222), (455, 2222), (520, 1001), (526, 11), (527, 1), (673, 2222), (883, 10), (1087, 1)]
97;[(52, 100), (68, 1000), (135, 1), (140, 101), (190, 1), (392, 1), (416, 1001), (538, 1), (539, 2222), (751, 2210), (757, 2222)]
98;[(145, 2221), (180, 2120), (270, 1), (272, 2210), (362, 2), (467, 10), (595, 10), (667, 2), (728, 2222), (782, 2122), (787, 1011), (985, 2110), (1018, 100), (1019, 1000), (1118, 101)]
99;[(268, 2222), (324, 2222), (449, 2122), (992, 1220), (1191, 1001)]
100;[(59, 101), (183, 2222), (370, 1211), (579, 2222), (803, 1100), (833, 110), (1000, 1212), (1017, 2212), (1033, 1), (1097, 1100), (1232, 101)]